player,GP,MIN per game,AST per game,"Passes 
per game",Total AST,"FT Assists 
per game","Secondary Assists 
per game","Assist opportunities 
per game","Points created by 
assist per game","Points Created by 
AST Per 48 Min"
A.J. Price,28,3.6,0.5,6.4,13,0.2,0,1,1.3,16.7
Aaron Brooks,29,29.2,5.2,35.6,150,0.6,1,9.9,12,19.7
Aaron Brooks,43,16.8,1.9,22.6,83,0.5,0.5,3.9,4.9,14.1
Aaron Brooks,72,21.8,3.2,27.8,233,0.5,0.7,6.3,7.8,17.1
Aaron Gray,3,4.6,0.7,8,2,0,0,1.3,1.7,17.3
Aaron Gray,33,10.2,0.6,12.2,19,0.1,0.2,1.3,1.3,6
Aaron Gray,36,9.8,0.6,11.9,21,0,0,1.3,1.3,6.3
Adonis Thomas,2,6.7,0.5,6,1,0.5,0,0.5,1,7.2
Adonis Thomas,4,6.1,0.5,2.8,2,0,0,0.8,1,7.8
Adonis Thomas,6,6.3,0.5,3.8,3,0,0,0.7,1,7.6
Al Harrington,33,15.1,0.8,16.7,27,0,0.3,1.5,1.8,5.9
Al Horford,29,33.1,2.6,44.6,76,0.4,0.9,5.8,6.6,9.5
Al Jefferson,72,35.2,2.1,31.6,154,0.3,0.4,4.3,5.1,7
Alan Anderson,77,22.8,1,18.3,77,0.2,0.2,2.1,2.5,5.3
Alec Burks,78,28.2,2.7,37.3,212,0.4,0.7,6,6.4,10.9
Alex Len,42,8.7,0.1,9.5,4,0,0.1,0.4,0.3,1.6
Alexey Shved,63,10.6,1.1,10.5,68,0.2,0.3,2.3,2.5,11.4
Alexis Ajinca,56,17.1,0.7,20.4,40,0.1,0.1,1.4,1.6,4.6
Al-Farouq Aminu,80,25.7,1.4,23.9,114,0.3,0.4,2.8,3.2,6
Allen Crabbe,15,6.7,0.4,5.9,6,0,0.1,1.3,1,7.2
Alonzo Gee,65,15.7,0.7,15.5,47,0.1,0.3,1.8,1.7,5.2
Amar'e Stoudemire,65,22.7,0.5,17.9,34,0,0.1,1.4,1.3,2.8
Amir Johnson,76,28.8,1.5,36.7,112,0.3,0.6,2.8,3.5,5.9
Anderson Varejao,65,27.9,2.2,42.4,140,0.3,0.4,4.4,5.2,9
Andray Blatche,72,22.1,1.5,26.2,106,0.2,0.2,2.8,3.6,7.8
Andre Drummond,81,32.5,0.4,26.7,35,0.1,0.2,0.9,1,1.5
Andre Iguodala,63,32.5,4.2,32,263,0.4,1.1,7,10.2,15
Andre Miller,27,14.7,3.4,28.1,92,0.4,0.5,5.5,7.9,25.9
Andre Miller,30,19.1,3.3,27,100,0.3,0.6,6.1,7.7,19.3
Andre Miller,57,17,3.4,27.5,192,0.3,0.6,5.8,7.8,22
Andre Roberson,40,10,0.4,8,15,0.1,0.1,1,0.8,3.8
Andrea Bargnani,42,30.1,1.1,29.6,45,0,0.4,2.6,2.5,4
Andrei Kirilenko,44,19,1.6,18.3,69,0.2,0.3,2.6,3.5,8.7
Andrew Bogut,66,26.6,1.7,32.6,111,0.2,0.6,3.3,4.1,7.3
Andrew Bynum,2,17.9,1,15,2,0,0.5,1,1,2.7
Andrew Bynum,24,19.8,1.1,15.8,27,0,0.2,1.8,2.5,6.1
Andrew Bynum,26,19.7,1.1,15.7,29,0,0.2,1.7,2.4,5.8
Andrew Nicholson,76,15.5,0.3,13.6,25,0,0.1,0.8,0.8,2.6
Andris Biedrins,6,7.5,0,7.8,0,0,0.2,0,0,0
Antawn Jamison,22,11.3,0.3,16.6,7,0,0,1,0.9,3.7
Anthony Bennett,52,12.8,0.3,16.4,17,0.1,0.2,0.8,0.8,2.9
Anthony Davis,67,35.4,1.6,33.4,105,0.1,0.4,3,3.6,4.9
Anthony Morrow,76,18.9,0.8,10.5,59,0.1,0.1,1.3,1.8,4.6
Anthony Randolph,43,12.3,0.7,13,32,0.1,0.2,1.6,1.9,7.3
Anthony Tolliver,63,20.5,0.7,18.7,41,0.1,0.3,1.6,1.7,3.9
Archie Goodwin,52,10.3,0.4,9.5,20,0,0.2,0.9,0.9,4.2
Arinze Onuaku,2,2.4,0,1.5,0,0,0,0,0,0
Arinze Onuaku,3,8.5,1,9.3,3,0,0,1.3,2,11.2
Arinze Onuaku,5,6.1,0.6,6.2,3,0,0,0,0,0
Arnett Moultrie,12,15.7,0.2,17.6,2,0,0.2,0.8,0.3,1
Aron Baynes,53,9.3,0.6,9.5,34,0.1,0.2,1,1.5,7.6
Arron Afflalo,73,35.1,3.4,39.9,248,0.2,0.7,7.3,8,10.9
Austin Daye,8,4.1,0.3,6.6,2,0,0,0.5,0.6,7.2
Austin Daye,14,8.3,0.4,12.9,6,0,0.5,1.2,0.9,5
Austin Daye,22,6.8,0.4,10.6,8,0,0,1,0.8,5.5
Austin Rivers,69,19.5,2.3,29.9,160,0.3,0.4,4.4,5.5,13.4
Avery Bradley,60,31.2,1.4,29.9,85,0.2,0.5,3.5,3.3,5
Ben Gordon,19,14.8,1.1,13.7,21,0.1,0.2,1.9,2.5,8.2
Ben McLemore,81,27,1,18.1,82,0.2,0.3,2.1,2.4,4.2
Beno Udrih,10,5.5,0.6,7.8,6,0.1,0.2,1,1.6,13.8
Beno Udrih,31,19.1,3.5,37.8,110,0.4,0.5,7.7,8.3,20.8
Beno Udrih,41,15.8,2.8,30.5,116,0.3,0.4,6.1,6.6,20.2
Bernard James,30,4.9,0.1,3.5,3,0,0.1,0.2,0.3,2.9
Bismack Biyombo,76,14,0.1,8.2,8,0,0.1,0.4,0.3,0.9
Blake Griffin,80,36.1,3.9,54.5,309,0.4,1.1,7.5,9.1,12.1
Boris Diaw,79,25.2,2.8,39.3,222,0.4,0.5,5.6,6.7,12.7
Bradley Beal,72,34.7,3.4,38,242,0.3,0.7,6.1,7.6,10.5
Brandan Wright,58,18.7,0.5,14.7,31,0.1,0.2,1.3,1.4,3.5
Brandon Bass,82,27.9,1.1,26.2,87,0,0.4,2.2,2.5,4.3
Brandon Davies,51,11.3,0.5,13.7,28,0,0.2,1.2,1.2,5.2
Brandon Jennings,80,34.4,7.6,60.3,609,1,1.6,15.1,17,23.8
Brandon Knight,72,33.5,4.9,59.7,352,0.5,1.2,9.9,11.5,16.5
Brandon Rush,38,11.1,0.6,11.5,24,0.1,0.2,1.6,1.5,6.6
Brian Roberts,72,23.3,3.3,39.5,234,0.4,0.5,6.3,7.6,15.6
Brook Lopez,17,31.5,0.9,21.4,16,0.3,0.4,2.4,2.7,4.1
Byron Mullens,18,13.8,0.4,20.1,8,0.1,0.1,1.2,1.2,4.1
Byron Mullens,27,6.2,0.2,7.3,6,0,0.1,0.4,0.6,4.6
Byron Mullens,45,9.3,0.3,12.4,14,0,0.1,0.7,0.8,4.3
Carl Landry,18,13,0.3,14.1,5,0,0.2,0.8,0.6,2.3
Carlos Boozer,76,28.3,1.6,31.9,118,0.3,0.4,3,3.8,6.4
Carmelo Anthony,77,38.9,3.1,41.1,242,0.3,0.7,6.2,7.8,9.6
Caron Butler,22,27.4,1.2,19.4,26,0.1,0.5,1.9,2.9,5
Caron Butler,33,24.3,1.7,32.7,56,0.2,0.5,3.2,4.1,8
Caron Butler,55,25.5,1.5,27.4,82,0.1,0.5,2.7,3.6,6.7
Carrick Felix,7,5.5,0.6,5.3,4,0.1,0.1,0.9,1.3,11.2
Cartier Martin,6,8,0.3,3.7,2,0.2,0.3,0.3,0.8,5
Cartier Martin,53,15.5,0.6,13.8,31,0,0.3,1.3,1.4,4.4
Cartier Martin,59,14.7,0.6,12.8,33,0,0.3,1.2,1.4,4.4
Casper Ware,9,13,1.1,22.6,10,0.2,0.7,2.2,2.4,9.1
Chandler Parsons,74,37.8,4,42.1,298,0.4,0.8,7.1,9.5,12
Channing Frye,82,28.3,1.2,36.4,98,0.1,0.6,2.3,2.9,4.9
Charles Hayes,15,10.6,0.4,11.9,6,0.1,0.1,0.9,1,4.5
Charles Hayes,45,12.8,0.6,16.5,29,0.1,0.3,1.3,1.6,6.2
Charles Hayes,60,12.2,0.6,15.3,35,0.1,0.2,1.2,1.5,5.8
Charlie Villanueva,20,9,0.3,11.7,6,0,0.1,0.8,0.8,4
Chase Budinger,41,18.4,0.8,13,31,0.1,0.3,1.7,1.8,4.6
Chauncey Billups,19,16.4,2.2,24,42,0.3,0.7,4.3,5.2,15.1
Chris Andersen,72,19.5,0.3,15.1,19,0.1,0.1,0.9,0.6,1.5
Chris Babb,14,9.5,0.2,8.1,3,0.1,0.1,0.4,0.5,2.5
Chris Bosh,79,32.3,1.1,34.4,87,0.1,0.7,2.5,2.7,4
Chris Copeland,41,6.5,0.4,6.1,18,0,0.1,0.7,1.1,7.9
Chris Douglas-Roberts,48,20.9,1.1,15.4,51,0.1,0.2,2,2.5,5.8
Chris Johnson,40,19.9,0.8,15.9,31,0.1,0.3,1.6,1.9,4.5
Chris Kaman,39,19,1.5,27.6,58,0.2,0.3,3.1,3.7,9.4
Chris Paul,62,35.3,10.7,72,663,1,2.2,19.8,24.5,33.3
Chris Singleton,25,10,0.2,11.7,6,0,0.1,0.7,0.5,2.3
Chris Smith,2,1,0,1,0,0,0,0,0,0
Chris Wright,8,15.8,0.6,11,5,0,0.3,1.1,1.3,3.8
CJ McCollum,38,12.6,0.7,11.3,27,0.1,0.2,1.4,1.7,6.6
CJ Miles,51,19.3,1,15.1,52,0.1,0.1,2.2,2.4,6
CJ Watson,63,19,1.7,31.4,107,0.1,0.7,4,4,10
Cody Zeller,81,17.4,1.1,33,92,0.2,0.3,2.3,2.6,
Cole Aldrich,46,7.2,0.3,9.7,14,0,0.2,0.6,0.7,4.8
Corey Brewer,81,32.4,1.7,25.7,135,0.3,0.6,2.8,4,5.9
Cory Joseph,68,13.9,1.7,22.7,114,0.1,0.4,3.3,3.9,13.6
Courtney Lee,30,16.9,1.1,15.3,32,0.1,0.4,2.6,2.5,7.2
Courtney Lee,49,30.1,1.7,29.5,83,0.2,0.6,3.8,3.7,5.9
Courtney Lee,79,25.1,1.5,24.1,115,0.2,0.5,3.3,3.3,6.2
D.J. Augustin,9,7.7,1,12.6,9,0.3,0.2,2.2,2.7,16.6
D.J. Augustin,61,30.5,5,60.6,303,0.8,1.9,11,11.4,18
D.J. Augustin,70,27.6,4.5,54.4,312,0.7,1.7,9.9,10.3,17.9
Damian Lillard,82,36,5.6,61.3,457,0.6,1.2,10.9,13.5,18.1
Damion James,5,10.1,0.6,12.8,3,0,0.2,1.8,1.2,5.7
Daniel Orton,22,11.4,0.7,15.5,15,0,0.3,1.5,1.6,6.9
Danny Granger,12,16.3,0.7,12.6,8,0.1,0.3,1.5,1.8,5.2
Danny Granger,29,22.7,1.1,19.6,33,0.2,0.3,2.7,2.7,5.8
Danny Granger,41,20.8,1,17.6,41,0.2,0.3,2.3,2.4,5.6
Danny Green,68,24.4,1.5,28.2,104,0.1,0.6,3.1,3.4,6.7
Dante Cunningham,81,20.3,1,27.8,83,0,0.3,2,2.5,5.8
Darius Johnson-Odom,3,5.1,0.3,8.7,1,0,0.3,1.3,0.7,6.2
Darius Miller,45,16.2,1,11,43,0,0.1,1.9,2.2,6.4
Darius Morris,5,13.2,1.6,21.6,8,0,0.2,3.2,3.2,11.6
Darius Morris,10,5.5,0.5,8.8,5,0.1,0.2,1.2,1.5,13.2
Darius Morris,12,16.2,2.6,26.6,31,0.2,0.4,4.7,5.7,16.8
Darius Morris,27,11.7,1.6,19.1,44,0.1,0.3,3.1,3.7,15.1
Darrell Arthur,68,17.2,0.9,17,61,0.2,0.2,1.6,2.2,6
Darren Collison,80,26.1,3.7,41.6,297,0.3,0.9,7.5,8.7,16.1
David Lee,68,33.3,2.1,34.1,144,0.2,0.6,3.8,5.1,7.4
David West,80,31,2.8,46.1,223,0.5,0.7,5.7,6.8,10.6
DeAndre Jordan,82,35.3,0.9,40,74,0.1,0.9,1.5,2.1,2.9
DeAndre Liggins,1,1.4,0,1,0,0,0,1,0,0
DeJuan Blair,78,15.6,0.9,14.7,70,0.1,0.1,1.5,2.2,6.7
DeMar DeRozan,78,38.4,3.9,35.4,308,0.3,0.8,8.3,10.1,12.6
DeMarcus Cousins,70,32.8,2.9,40.3,205,0.2,0.4,5.8,6.8,10
DeMarre Carroll,73,32.3,1.8,35,134,0.2,0.7,3.5,4.5,6.6
Dennis Schroder,48,13,1.9,24.2,91,0.1,0.5,4,4.4,16.2
Derek Fisher,81,17.8,1.4,20.2,117,0.2,0.6,3,3.3,8.8
Deron Williams,64,32.3,6.1,61.3,392,0.9,1.8,12.7,15.1,22.5
Derrick Favors,73,30.3,1.2,40.9,91,0.1,0.4,2.9,3,4.8
Derrick Rose,10,30.9,4.3,61.3,43,0.5,1.7,10.5,9.9,15.4
Derrick Williams,11,14.8,0.1,13.5,1,0.1,0.1,0.7,0.4,1.2
Derrick Williams,66,24.9,0.8,21.8,55,0.1,0.3,1.8,1.9,3.7
Derrick Williams,77,23.5,0.7,20.6,56,0.1,0.2,1.6,1.7,3.5
Devin Harris,40,20.5,4.5,38.8,178,0.4,0.9,7.8,10.7,25
Dewayne Dedmon,4,1.4,0,1.5,0,0,0,0,0,0
Dewayne Dedmon,11,13.8,0.3,17.2,3,0.2,0.3,0.6,0.7,2.5
Dewayne Dedmon,16,14.7,0.1,16.2,2,0,0.1,0.4,0.3,1
Dewayne Dedmon,31,12.7,0.2,14.6,5,0.1,0.1,0.4,0.4,1.6
Dexter Pittman,2,1.5,0,0.5,0,0,0,0,0,0
Diante Garrett,71,14.8,1.7,27,120,0.3,0.3,3.9,4.1,13.2
Dion Waiters,70,29.9,3,28.4,209,0.3,0.7,5.8,7.2,11.6
Dionte Christmas,31,6.5,0.3,6.5,8,0,0.1,0.8,0.6,4.8
Dirk Nowitzki,80,33,2.7,42,216,0.3,0.6,5.3,6.4,9.3
DJ Stephens,3,4.9,0,4.7,0,0,0,0.3,0,0
DJ White,2,5.2,0,7.5,0,0,0,0,0,0
Donald Sloan,48,8.2,1,13.1,50,0.1,0.2,2.3,2.6,15
Donatas Motiejunas,62,15.5,0.5,19.8,34,0.1,0.2,1.5,1.6,5
Dorell Wright,68,14.6,0.9,15.1,64,0.1,0.1,1.9,2.3,7.6
Doron Lamb,53,13.2,0.8,10.6,43,0.1,0.2,1.4,2,7.3
Draymond Green,81,22.1,1.8,28.5,148,0.2,0.4,3.6,4.4,9.6
Drew Gooden,21,17.9,0.7,24.5,15,0.1,0.4,2,1.7,4.5
Dwight Buycks,14,10.5,0.7,15.5,10,0,0.3,1.8,1.8,8.2
Dwight Howard,71,34,1.8,40.9,131,0.2,0.5,3.5,4.4,6.2
Dwyane Wade,54,33.1,4.7,37.6,252,0.4,1,8.7,10.8,15.7
Earl Clark,9,7.9,0.2,7.7,2,0.2,0,0.3,0.6,3.4
Earl Clark,45,15.6,0.4,15.8,16,0.1,0.2,0.9,0.8,2.5
Earl Clark,54,14.3,0.3,14.4,18,0.1,0.2,0.8,0.8,2.6
Earl Watson,24,6.7,1.2,12.9,28,0.1,0.2,2.2,2.7,19.3
Ed Davis,63,15.3,0.4,16.1,27,0,0.2,1,1,3.1
Ekpe Udoh,42,19.3,0.7,21.2,31,0.1,0.4,1.5,1.7,4.3
Elias Harris,2,5.7,0.5,4,1,0,0,0.5,1,8.4
Elliot Williams,67,17.4,1.1,14.4,72,0.2,0.1,2.5,2.6,7.3
Elton Brand,72,19.5,1,26,74,0.1,0.4,2.1,2.5,6.2
Enes Kanter,80,26.8,0.9,27.2,75,0.1,0.3,2,2.3,4.2
Eric Bledsoe,43,33,5.5,50,235,0.5,0.7,11.3,13.2,19.2
Eric Gordon,64,32.3,3.3,23.8,208,0.3,0.5,6.3,7.2,10.7
Eric Maynor,8,14.1,1.5,25.4,12,0.4,0.6,4,3.6,12.3
Eric Maynor,23,9.4,1.7,20.8,40,0.2,0.4,3.5,4.3,22
Eric Maynor,31,10.6,1.7,22,52,0.2,0.5,3.6,4.1,18.7
Erik Murphy,24,2.6,0.1,4.3,2,0,0,0.2,0.2,3.1
Ersan Ilyasova,54,27.1,1.3,38.1,70,0.1,0.4,3,3.1,5.4
E'Twaun Moore,79,19.1,1.4,16.4,112,0.2,0.4,3.1,3.3,8.2
Evan Fournier,76,20,1.5,18.7,112,0.3,0.3,3.1,3.5,8.5
Evan Turner,27,21.2,2.4,24.1,64,0.5,0.6,4.4,5.7,12.9
Evan Turner,54,35,3.7,42,198,0.5,0.8,7.8,8.6,11.8
Evan Turner,81,30.4,3.2,36,262,0.5,0.7,6.7,7.7,12.1
Francisco Garcia,55,19.8,1.1,17.5,63,0.2,0.2,2.1,2.8,6.8
Gal Mekel,31,9.5,2,18.5,63,0.2,0.4,3.8,5,25
Garrett Temple,74,8.7,1,15.7,72,0.1,0.4,2.1,2.4,13.4
Gary Neal,22,23.1,1.7,25.8,37,0.3,0.8,4.2,4,8.3
Gary Neal,29,20.1,1.4,21,42,0,0.2,3.2,3.3,7.8
Gary Neal,51,21.4,1.5,23.1,79,0.1,0.4,3.7,3.6,8
George Hill,76,32.2,3.5,56.9,265,0.3,1.1,7.3,7.9,11.8
Gerald Green,82,28.5,1.5,22.1,122,0.2,0.3,3.1,3.6,6.1
Gerald Henderson,76,32.2,2.6,38.6,199,0.2,0.9,5.4,6,8.9
Gerald Wallace,58,24.6,2.5,29.8,143,0.2,0.4,4.4,5.8,11.3
Giannis Antetokounmpo,76,24.9,2,33.8,150,0.4,0.6,3.7,4.7,9
Gigi Datome,34,7.1,0.3,6.8,11,0,0.1,0.8,0.8,5.2
Glen Davis,23,13.5,0.3,11.5,7,0,0.3,0.6,0.7,2.5
Glen Davis,45,30.2,1.6,33.6,70,0.2,0.6,3.1,3.6,5.8
Glen Davis,68,24.6,1.1,26.1,77,0.1,0.5,2.2,2.6,5.2
Glen Rice,11,10,0.6,11.8,7,0,0.2,1.5,1.1,5.3
Goran Dragic,76,35.4,5.9,54.6,447,0.7,1.1,12.2,14.8,20.1
Gordon Hayward,77,36.5,5.2,49.9,400,0.6,1.3,11.2,12.4,16.3
Gorgui Dieng,60,13.7,0.7,14.1,39,0.1,0.3,1.5,1.5,5.4
Greg Monroe,82,33.1,2.1,33.9,171,0.4,0.4,4.5,4.9,7.2
Greg Oden,23,9.3,0,6.3,1,0,0.2,0,0.1,0.7
Greg Smith,11,9.2,0,8.1,0,0,0,0.4,0,0
Greg Stiemsma,55,18.4,0.7,25.6,36,0.1,0.2,1.7,1.5,3.9
Greivis Vasquez,17,26.7,5.4,51.7,92,0.5,0.8,12.2,11.9,21.4
Greivis Vasquez,61,21.6,3.7,42.7,228,0.4,1,7.3,8.9,19.7
Greivis Vasquez,78,22.7,4.1,44.7,320,0.4,1,8.4,9.5,20.1
Gustavo Ayon,25,16.9,1.1,28,28,0,0.5,2.4,2.6,7.5
Hamady Ndiaye,14,5.3,0.2,5,3,0,0,0.2,0.3,2.6
Harrison Barnes,77,28.3,1.5,19.5,115,0.1,0.5,2.8,3.6,6.1
Hasheem Thabeet,23,8.4,0,5.9,1,0,0.1,0.3,0.1,0.7
Hedo Turkoglu,38,10.4,0.9,17.1,33,0.1,0.2,1.8,2,9.4
Henry Sims,20,8.5,0.3,6.8,5,0.1,0.1,0.7,0.7,3.7
Henry Sims,26,27.3,1.8,31.9,47,0.1,0.5,3.6,4.2,7.4
Henry Sims,46,19.1,1.1,21,52,0.1,0.3,2.3,2.7,6.7
Hilton Armstrong,15,6.5,0.3,5.5,5,0,0,0.6,0.7,4.9
Hollis Thompson,77,22.7,0.9,17.3,73,0.1,0.3,2.3,2.3,4.9
Ian Clark,23,7.5,0.7,7.6,15,0.1,0.2,0.9,1.4,8.9
Ian Mahinmi,77,16.3,0.3,12.9,24,0.1,0.1,0.9,0.8,2.4
Iman Shumpert,74,26.6,1.7,24,129,0.1,0.5,3.9,4.2,7.6
Isaiah Canaan,22,11.4,1,18.1,22,0.3,0.5,2.2,2.6,10.9
Isaiah Thomas,71,34.9,6.3,59.6,446,0.9,0.9,13,14.5,19.9
Ish Smith,70,14.5,2.6,26.6,179,0.3,0.4,5,6.4,21.1
J.R. Smith,74,32.9,3,37.1,219,0.4,0.4,6.1,7.4,10.7
Jae Crowder,78,16.1,0.8,17.8,60,0.1,0.2,1.7,1.8,5.3
Jamaal Franklin,21,7.8,0.3,6.1,6,0,0.1,0.7,0.8,4.7
Jamaal Tinsley,8,14.3,2.9,34.6,23,0.3,0.5,6.1,6.1,20.6
Jamal Crawford,69,30.6,3.2,30.2,223,0.5,1,5.9,7.5,11.8
Jameer Nelson,68,32.2,7,54.1,476,0.9,1.1,14.4,16.2,24.2
James Anderson,80,28.9,1.9,20.8,149,0.1,0.4,4.2,4.5,7.4
James Harden,73,38.3,6.1,45.3,446,0.6,1,11.6,14.5,18.2
James Johnson,52,18.5,2.1,19,111,0.3,0.3,3.5,4.8,12.5
James Jones,20,11.9,0.5,11.2,9,0.1,0.1,1,1.1,4.2
James Nunnally,3,15.5,0.3,12.3,1,0.3,0,0.7,0.7,2.1
James Nunnally,9,12.4,0.7,8.8,6,0.4,0,1.6,1.7,6.4
James Nunnally,12,13.2,0.6,9.7,7,0.4,0,1.3,1.4,5.2
James Southerland,1,2.8,0,2,0,0,0,0,0,0
James Southerland,3,9.1,0,8.3,0,0,0.3,0.3,0,0
James Southerland,4,7.6,0,6.8,0,0,0,0,0,0
Jan Vesely,21,14.7,0.5,17,11,0,0.1,1.4,1.3,4.2
Jan Vesely,33,14.3,0.3,17.4,10,0,0.1,0.8,0.7,2.2
Jan Vesely,54,14.5,0.4,17.3,21,0,0.1,1,0.9,3
Jannero Pargo,29,8.4,1.8,16.3,52,0.2,0.2,3.6,4.4,25.4
Jared Cunningham,5,4.4,0.6,2.8,3,0,0.2,0.8,1.6,17.3
Jared Cunningham,8,7.3,0.6,7.1,5,0.1,0.3,0.8,1.4,9
Jared Cunningham,13,6.2,0.6,5.5,8,0.1,0.2,0.8,1.5,11.3
Jared Dudley,74,23.5,1.4,21,104,0.2,0.4,2.6,3.4,7
Jared Sullinger,74,27.8,1.6,32.9,118,0.1,0.4,3.4,3.8,6.6
Jarrett Jack,80,28.3,4,44.6,324,0.5,0.9,8.7,9.6,16.3
Jarvis Varnado,1,2,0,0,0,0,0,0,0,0
Jarvis Varnado,23,14.8,0.6,17.2,13,0,0.1,1,1.5,4.8
Jarvis Varnado,24,14.2,0.5,16.5,13,0,0,0,0,0
Jason Collins,22,7.8,0.2,7.1,4,0,0.2,0.5,0.4,2.5
Jason Maxiell,34,14.4,0.3,13.5,9,0.1,0.3,0.6,0.6,2.2
Jason Smith,31,26.8,0.9,37.9,29,0.1,0.3,2.5,2.2,3.9
Jason Terry,34,16.1,1.4,16.9,49,0.1,0.3,2.9,3.4,10
Jason Thompson,81,24.5,0.7,27.6,53,0.2,0.4,1.5,1.6,3.1
JaVale McGee,5,16,0.4,13.2,2,0,0.2,0.8,0.8,2.4
Jeff Adrien,25,10.2,0.3,7.5,7,0,0,0.6,0.6,3
Jeff Adrien,28,25.3,1.1,31.7,31,0.1,0.6,2.3,2.4,4.6
Jeff Adrien,53,18.2,0.7,20.3,38,0.1,0.3,1.5,1.6,4.2
Jeff Ayres,73,13.1,0.8,17.6,60,0.1,0.3,1.5,2,7.2
Jeff Green,82,34.5,1.7,31.6,138,0.2,0.5,3.8,4,5.6
Jeff Taylor,26,24.4,0.8,19.7,22,0.2,0.4,2,2,3.9
Jeff Teague,78,32.4,6.7,55.8,526,0.7,1.6,13.7,16.1,23.8
Jeff Withey,58,11.9,0.4,13.6,26,0.1,0.1,0.7,1.1,4.3
Jeremy Evans,66,18.4,0.7,23.6,44,0.1,0.2,1.6,1.5,4
Jeremy Lamb,78,19.9,1.5,16,115,0.2,0.3,2.7,3.5,8.5
Jeremy Lin,71,29.1,4.1,41.9,294,0.6,0.8,7.4,10.1,16.6
Jeremy Tyler,41,9.8,0.2,7,8,0,0,0.4,0.5,2.5
Jermaine O'Neal,43,20.2,0.6,15.8,25,0.1,0.2,1,1.4,3.4
Jerryd Bayless,31,21.1,2.1,29.4,66,0.2,1,4.5,5,11.4
Jerryd Bayless,41,25.5,3.1,34.4,128,0.3,0.7,6.7,7.3,13.8
Jerryd Bayless,72,23.6,2.7,32.2,194,0.2,0.8,5.8,6.3,12.9
Jimmer Fredette,8,7,0.4,11.9,3,0.1,0.6,1.3,1,6.8
Jimmer Fredette,41,11.4,1.5,16,61,0.2,0.2,2.8,3.3,13.9
Jimmer Fredette,49,10.7,1.3,15.3,64,0.2,0.2,2.6,2.9,13.1
Jimmy Butler,67,38.7,2.6,35.5,175,0.3,0.9,5.3,6.1,7.5
JJ Hickson,69,27.1,1.4,30.6,96,0.2,0.7,3.1,3.4,6
JJ Redick,35,28.4,2.2,24.1,78,0.4,0.6,4.3,5.4,9.2
Joakim Noah,80,35.4,5.4,67.3,431,0.7,0.6,10.3,12.3,16.7
Jodie Meeks,77,33.4,1.8,27.1,138,0.3,0.5,3.8,4.4,6.4
Joe Johnson,78,32.7,2.7,28.9,211,0.2,0.8,5.4,6.6,9.7
Joel Anthony,12,3.1,0,2.2,0,0,0,0,0,0
Joel Anthony,21,7.1,0.1,6,2,0,0,0.4,0.3,1.9
Joel Anthony,33,5.7,0.1,4.6,2,0,0,0,0,0
Joel Freeland,52,14,0.7,12.7,36,0.1,0.3,1.2,1.9,6.4
John Henson,69,26.7,1.6,31.7,113,0.2,0.5,3.1,4,7.1
John Jenkins,13,12.2,0.8,12,11,0,0.4,1.4,2.1,8.2
John Lucas III,42,14.1,1,23.9,42,0.2,0.5,2.7,2.3,7.9
John Salmons,17,24.8,2.4,22.4,41,0.1,0.5,4.9,5.6,10.8
John Salmons,60,21.4,1.7,20.1,103,0.2,0.5,4.1,4.2,9.5
John Salmons,77,22.2,1.9,20.6,144,0.2,0.5,4.3,4.5,9.8
John Wall,81,36.6,8.9,70.5,717,1,1.7,17.2,21.3,28
Jon Leuer,49,13.2,0.4,17.2,20,0.1,0.2,1.1,0.9,3.3
Jonas Jerebko,64,11.7,0.6,13.8,39,0,0.1,1.2,1.4,5.6
Jonas Valanciunas,80,28.4,0.7,33.7,57,0,0.3,1.5,1.7,2.8
Jordan Crawford,39,31,5.7,57.4,224,0.5,1.1,11.6,13.5,20.8
Jordan Crawford,42,15.8,1.4,13.4,57,0.3,0.2,2.7,3.3,9.9
Jordan Crawford,81,23.1,3.5,34.6,281,0.4,0.6,7,8.2,17
Jordan Farmar,41,22.4,4.9,44.9,199,0.6,0.9,10,12,25.7
Jordan Hamilton,21,16.7,0.9,16.1,18,0.1,0.2,1.7,1.9,5.3
Jordan Hamilton,39,17.3,0.9,14.7,34,0.1,0.2,1.9,2.2,6.1
Jordan Hamilton,60,17.1,0.9,15.2,52,0.1,0.2,1.8,2.1,5.8
Jordan Hill,72,20.9,0.8,24.9,54,0.1,0.3,1.5,2,4.6
Jorge Gutierrez,15,16.2,2,25.3,30,0.1,0.6,4.5,4.7,14.1
Jose Calderon,81,30.6,4.7,62.4,377,0.4,1.4,9.3,10.9,17
Jose Juan Barea,79,18.7,3.8,35.2,303,0.5,0.5,8,8.7,22.4
Josh Childress,4,6,0.5,5.5,2,0,0.3,0.5,1,8
Josh Harrellson,32,10,0.5,9.9,15,0,0.1,0.9,1,4.7
Josh McRoberts,77,30.4,4.3,67.3,329,0.5,0.7,7.9,9.6,15.1
Josh Powell,1,19.5,0,15,0,0,0,1,0,0
Josh Smith,77,35.7,3.3,34.3,252,0.4,0.5,6.1,7.6,10.3
Jrue Holiday,34,33.8,7.9,60.9,268,0.9,0.7,14.4,18.4,26.1
Julyan Stone,21,5.7,0.6,9.7,12,0.2,0,1.6,1.6,13.1
Justin Hamilton,1,3.8,0,2,0,0,0,0,0,0
Justin Hamilton,7,9.9,0,9.3,0,0,0.1,0,0,0
Justin Hamilton,8,9.1,0,8.4,0,0,0,0,0,0
Kawhi Leonard,66,29.3,2,28.2,133,0.1,0.7,3.8,4.8,7.9
Keith Bogans,6,9.4,0.5,9.8,3,0,0,0.8,1.2,6
Kelly Olynyk,70,20.2,1.6,28.1,109,0.1,0.4,2.8,3.6,8.6
Kemba Walker,72,36,6.1,77.7,442,0.6,1.7,12.2,14,18.7
Kendall Marshall,54,29.1,8.8,63,477,0.8,1.3,15.6,20,33
Kendrick Perkins,62,19.6,1.1,24.2,67,0.1,0.2,1.9,2.5,6
Kenneth Faried,80,27.4,1.2,26.9,96,0.1,0.4,2.3,2.9,5.1
Kent Bazemore,23,28.2,3.1,31.3,71,0.4,1.1,5,7,11.8
Kent Bazemore,44,6.1,0.5,6.9,20,0.1,0.2,1.1,1.1,8.9
Kent Bazemore,67,13.7,1.4,15.3,91,0.2,0.5,2.4,3.1,11
Kentavious Caldwell-Pope,80,19.9,0.7,15.6,55,0.1,0.3,1.4,1.6,3.8
Kenyon Martin,32,19.9,1.6,20.4,50,0.1,0.4,2.9,3.5,8.5
Kevin Durant,81,38.9,5.5,39.3,445,0.6,0.7,10.3,12.8,15.8
Kevin Garnett,53,20.7,1.5,34.5,80,0.1,0.3,2.6,3.6,8.4
Kevin Love,77,36.5,4.4,60.8,341,0.8,0.6,8.5,10.2,13.5
Kevin Martin,68,32.1,1.8,27,121,0.2,0.6,4,4.3,6.4
Kevin Seraphin,53,11,0.3,11.4,17,0.1,0.1,0.8,0.8,3.5
Khris Middleton,81,30.3,2.1,32.1,169,0.3,0.5,4.2,4.8,7.5
Kirk Hinrich,73,29.1,3.9,54.5,286,0.4,1.5,8.6,9.1,15
Klay Thompson,80,35.6,2.3,18.7,180,0.3,0.4,3.9,5.3,7.1
Kobe Bryant,6,29.6,6.3,54.3,38,0.7,1.5,11.8,14,22.7
Kosta Koufos,80,17,0.5,20.7,39,0.1,0.3,1.1,1.1,3
Kris Humphries,69,20.1,1,29.3,67,0.1,0.3,2.5,2.3,5.6
Kyle Korver,70,34.2,2.9,33.9,204,0.3,0.7,5.2,6.7,9.4
Kyle Lowry,78,36.4,7.5,68.6,582,0.7,1.5,14.1,17.3,22.8
Kyle O'Quinn,69,17.3,1.1,24,78,0.2,0.3,2.3,2.6,7.2
Kyle Singler,82,28.7,0.9,25.4,75,0.1,0.3,2,2.1,3.6
Kyrie Irving,71,35.3,6.1,56.4,433,0.6,1,11.8,13.9,18.9
LaMarcus Aldridge,69,36.4,2.6,41.8,178,0.2,0.8,5.3,6.6,8.7
Lance Stephenson,78,35.4,4.6,39.2,359,0.5,0.9,8.7,10.7,14.4
Lance Thomas,5,8.5,0.6,4.8,3,0,0.2,0.6,1.4,7.9
Landry Fields,29,10.2,0.6,11.3,16,0,0.1,1.2,1.3,6.2
Larry Sanders,22,25.7,0.8,30.5,18,0.1,0.5,2.3,1.7,3.1
Lavoy Allen,14,8,0.4,8.4,6,0.1,0.1,0.9,1.3,7.7
Lavoy Allen,51,19,1.3,30,65,0.2,0.3,2.6,3,7.7
Lavoy Allen,65,16.6,1.1,25.3,71,0.2,0.3,2.2,2.7,7.7
Leandro Barbosa,20,18.5,1.6,16.8,32,0.3,0.1,3.3,4.2,10.8
LeBron James,77,38,6.3,49.4,488,0.6,1.3,12,15.3,19.4
Lorenzo Brown,26,8.7,1.6,14.7,41,0.3,0.4,2.8,3.9,21.7
Lou Amundson,1,1.1,0,3,0,0,0,0,0,0
Lou Amundson,18,10.3,0.3,13.3,6,0.1,0.1,1,0.7,3.4
Lou Amundson,19,9.8,0.3,12.7,6,0,0,0,0,0
Louis Williams,59,24.2,3.5,30.7,206,0.4,0.7,6.2,8.1,16.1
Luc Mbah a Moute,9,22,1.7,19,15,0.1,0.1,2.6,4.1,9
Luc Mbah a Moute,55,14.7,0.4,11.6,21,0.1,0.1,0.9,0.9,2.8
Luc Mbah a Moute,64,15.7,0.6,12.6,36,0.1,0.1,1.2,1.3,4
Luis Scola,82,17.1,1,26.1,81,0.1,0.3,2.1,2.4,6.8
Luke Babbitt,27,17.6,1.1,20.3,29,0,0.3,1.7,2.5,6.9
Luke Ridnour,24,15.3,2.2,32.3,53,0.3,1,4.4,5.3,16.4
Luke Ridnour,36,21.3,3.4,34.3,122,0.6,0.8,7,7.9,17.9
Luke Ridnour,60,18.9,2.9,33.5,175,0.5,0.9,6,6.9,17.4
Luol Deng,23,37.5,3.7,33,85,0.6,0.7,7,8.5,10.9
Luol Deng,40,34,2.5,33.5,98,0.3,0.7,4.5,5.8,8.2
Luol Deng,63,35.3,2.9,33.3,183,0.4,0.7,5.4,6.8,9.2
Maalik Wayns,2,4.7,1,9,2,0,0,2,3,30.5
Malcolm Thomas,1,14.8,0,21,0,0,1,1,0,0
Malcolm Thomas,7,6.9,0.3,10,2,0,0,0.9,0.7,4.9
Malcolm Thomas,8,7.9,0.3,11.4,2,0,0.1,0.9,0.6,3.8
Manny Harris,9,20.1,1.2,16.1,11,0.1,0.4,2.8,3.2,7.7
Manu Ginobili,68,23,4.3,29.1,293,0.7,1,7.7,10.3,21.5
Marc Gasol,59,33.5,3.6,47.5,215,0.3,0.8,7.5,8.3,11.9
Marcin Gortat,80,32.9,1.7,44.3,135,0.1,0.5,3.9,3.9,5.7
Marco Belinelli,80,25.4,2.2,27.4,179,0.2,0.9,3.9,5.3,10
Marcus Morris,82,22.1,1.1,21.8,88,0.2,0.3,2.2,2.5,5.5
Marcus Thornton,26,23.9,1.2,18.6,30,0.1,0.2,2.2,2.7,5.5
Marcus Thornton,45,24.4,1,15.4,44,0.2,0.2,1.9,2.4,4.7
Marcus Thornton,71,24.3,1,16.5,74,0.2,0.2,2,2.5,5
Mario Chalmers,73,30,4.9,52.8,357,0.6,1.3,8.6,11.2,17.9
Markieff Morris,81,26.7,1.8,25.9,144,0.3,0.4,3.6,4.4,7.9
Marquis Teague,19,12.8,1.5,23.8,28,0.2,0.5,3.5,3.5,13
Marquis Teague,21,9.6,1.4,14.1,30,0.1,0.3,3.1,3.6,18.1
Marquis Teague,40,11.1,1.4,18.8,58,0.2,0.4,3.3,3.5,15.3
Marreese Speights,78,12.6,0.4,10.1,31,0.1,0.1,1,0.9,3.6
MarShon Brooks,7,2.2,0,1.4,0,0.1,0.3,0,0,0
MarShon Brooks,10,7.4,0.4,8,4,0.2,0.1,1.3,1,6.5
MarShon Brooks,18,12.7,1.2,10.7,21,0.1,0.2,2.1,2.8,10.7
MarShon Brooks,35,9.1,0.7,8.1,25,0.1,0.2,1.5,1.7,9.2
Martell Webster,77,27.8,1.3,25.4,97,0.2,0.4,2.4,2.9,5
Marvin Williams,66,25.5,1.2,28,78,0.1,0.3,2.6,2.9,5.5
Mason Plumlee,69,18.5,0.9,19.1,60,0,0.3,1.7,2.1,5.4
Matt Barnes,63,27.8,2,28.6,125,0.2,0.7,3.7,4.6,8
Matt Bonner,61,11.4,0.5,15.6,31,0,0.2,1.1,1.3,5.4
Matthew Dellavedova,72,17.8,2.6,25.4,187,0.5,0.5,5,6.2,16.7
Maurice Harkless,80,24.5,1,17.1,80,0.1,0.2,2.2,2.3,4.5
Melvin Ely,2,13.7,0,9.5,0,0,0,1,0,0
Metta World Peace,29,13.4,0.6,11.1,17,0.1,0.2,1.3,1.5,5.4
Meyers Leonard,40,8.9,0.5,11.2,18,0.1,0.1,1.2,1.1,6
Michael Beasley,55,15.3,0.8,16.8,42,0.1,0.2,1.5,1.9,6
Michael Carter-Williams,70,34.6,6.3,62.9,441,0.5,1.5,12.4,14.9,20.6
Michael Kidd-Gilchrist,61,24.1,0.8,18,51,0.1,0.3,2,1.9,3.8
Mike Conley,73,33.7,6,65.8,441,0.8,2,11.9,13.6,19.4
Mike Dunleavy,82,31.7,2.3,31.4,186,0.3,0.5,4.5,5.2,7.8
Mike Harris,20,11.3,0.3,13,5,0.3,0.2,0.7,0.8,3.6
Mike James,11,7.1,1.5,12.7,17,0.1,0.2,2.7,3.4,22.9
Mike Miller,82,21,1.6,23.7,130,0.3,0.5,3.3,3.7,8.4
Mike Muscala,20,10.8,0.3,16.6,7,0,0.3,0.8,0.8,3.6
Mike Scott,79,18.5,0.9,20.6,71,0.2,0.3,1.9,2.3,5.8
Miles Plumlee,80,24.7,0.5,29.2,43,0.1,0.3,1.6,1.4,2.7
Miroslav Raduljica,48,9.7,0.5,10.1,23,0.1,0.1,1,1,5.1
Mirza Teletovic,71,19.4,0.8,22.9,56,0.1,0.2,1.7,1.9,4.7
Mo Williams,74,24.9,4.3,41.5,321,0.5,0.7,8.6,10.3,19.9
Monta Ellis,82,37,5.7,46.6,471,0.4,1.2,11.2,13.7,17.8
Mustafa Shakur,3,3.9,1.3,6,4,0,0,3,3.3,41.4
Nando De Colo,21,9.2,1.6,12.6,33,0.3,0.3,2.7,4,20.8
Nando De Colo,26,11.7,1.2,16.2,32,0.1,0.4,2.3,2.9,11.9
Nando De Colo,47,10.6,1.4,14.6,65,0.2,0.3,2.4,3.4,15.3
Nate Robinson,44,19.8,2.5,23.8,112,0.7,0.7,4.8,6.2,14.9
Nate Wolters,57,22.4,3.1,38.1,177,0.5,0.9,6.5,7.6,16.3
Nazr Mohammed,80,7.1,0.3,6.7,20,0,0,0.5,0.6,3.7
Nemanja Nedovic,23,5.9,0.5,7.5,12,0.1,0.1,1.2,1.3,11
Nene,53,29.6,2.9,32.9,153,0.4,0.6,5.8,6.7,10.8
Nick Calathes,71,16.6,2.9,33.5,207,0.3,0.9,5.7,6.7,19.4
Nick Collison,81,16.8,1.3,26.6,104,0.2,0.4,2.7,3.1,8.9
Nick Young,64,28.5,1.5,21.9,95,0.2,0.3,3.4,3.5,5.9
Nicolas Batum,82,36.2,5.1,54.1,420,0.7,0.9,9.4,12,15.9
Nikola Pekovic,54,31,0.9,23.1,50,0.1,0.5,1.9,2.3,3.6
Nikola Vucevic,57,31.9,1.8,46.9,104,0.1,0.5,3.4,4.3,6.5
Norris Cole,82,24.8,3,40,248,0.4,0.6,6.1,7,13.6
O.J. Mayo,51,25.9,2.1,25.5,105,0.3,0.4,4.4,4.7,8.7
Ognjen Kuzmic,21,4.4,0.1,3.3,2,0,0,0.1,0.1,1.5
Omer Asik,48,20.3,0.5,24.2,25,0.1,0.3,1.2,1.4,3.3
Omri Casspi,71,18.2,1.2,24.2,88,0.1,0.3,2.3,3,8
Orlando Johnson,7,7.2,0.6,5.7,4,0.1,0.1,0.7,1.4,9.5
Orlando Johnson,38,9.1,0.4,8.8,16,0.1,0.1,0.9,1.2,6.1
Orlando Johnson,45,8.8,0.4,8.3,20,0.1,0.1,0.9,1.2,6.6
Othyus Jeffers,2,6.6,0,5.5,0,0.5,0,0,0,0
Othyus Jeffers,4,8.5,0.3,6,1,0,0,0.8,0.5,2.8
Othyus Jeffers,6,7.9,0.2,5.8,1,0,0,0.5,0.3,2
Otto Porter,37,8.6,0.3,8.1,10,0,0.1,0.7,0.6,3.6
Pablo Prigioni,66,19.5,3.5,40.7,228,0.3,0.5,7.3,8.2,20.2
Patrick Beverley,56,31.5,2.7,47.7,151,0.3,1.1,5.6,6.5,9.9
Patrick Patterson,16,24.4,0.8,30.4,12,0.1,0.5,1.9,1.8,3.6
Patrick Patterson,48,23.4,1.3,30.1,63,0.1,0.3,2.4,3.4,6.9
Patrick Patterson,64,23.7,1.2,30.2,75,0.1,0.4,2.3,3,6.1
Patty Mills,81,19,1.8,32.6,149,0.4,0.7,3.8,4.6,11.5
Pau Gasol,60,31.6,3.4,50,201,0.2,0.6,7,8,12.2
Paul George,80,36.4,3.5,46,283,0.3,0.8,7.5,8.1,10.7
Paul Millsap,73,33.7,3.2,44.1,231,0.3,0.8,6.1,7.7,10.9
Paul Pierce,74,28.1,2.3,32.8,172,0.3,0.6,4.9,5.7,9.8
Pero Antic,49,18.5,1.2,23.5,57,0.1,0.3,2.5,2.9,7.4
Perry Jones,62,12.4,0.4,9.8,26,0,0.1,0.7,1,3.8
Peyton Siva,24,9.4,1.4,15.5,34,0.2,0.8,3.3,3.6,18.4
Phil Pressey,75,15.2,3.2,29.4,241,0.4,0.7,6.1,7.4,23.4
PJ Tucker,81,30.9,1.7,27.9,141,0.3,0.4,3.8,4.3,6.7
Quincy Acy,7,8.8,0.6,13.3,4,0.1,0,1.1,1.6,8.6
Quincy Acy,56,14.1,0.4,16,24,0,0,0.9,1,3.4
Quincy Acy,63,13.5,0.4,15.7,28,0,0,0.9,1,3.7
Quincy Miller,52,15.3,0.5,10.5,26,0,0.2,1.3,1.2,3.8
Quincy Pondexter,15,18.1,1.3,14.9,20,0.2,0.1,2.5,3.1,8.1
Rajon Rondo,30,33.6,9.8,74,294,1,1.5,20,23,32.9
Ramon Sessions,28,32.7,4.8,51,134,0.6,1.1,9.7,10.9,16
Ramon Sessions,55,23.8,3.7,40.4,206,0.4,0.8,7.8,8.7,17.6
Ramon Sessions,83,26.8,4.1,44,340,0.4,0.9,8.4,9.5,17
Randy Foye,81,30.9,3.5,28,287,0.7,0.7,6.7,8.4,13.1
Rashard Lewis,60,16.3,0.9,19.2,57,0.1,0.4,1.6,2.4,6.9
Rasual Butler,50,7.6,0.3,5.9,17,0.1,0.1,0.7,0.8,5.3
Ray Allen,73,26.8,2,22.7,143,0.3,0.4,3.5,4.9,8.8
Ray McCallum,45,20,2.7,32.5,120,0.4,0.4,5.8,6.2,14.9
Raymond Felton,65,31.2,5.6,56.3,365,0.2,0.8,10.6,13.5,20.8
Reggie Bullock,43,9.3,0.3,6.7,12,0,0.1,0.8,0.7,3.5
Reggie Evans,24,20.9,0.7,19.3,16,0.1,0.1,1.2,1.7,3.9
Reggie Evans,30,13.4,0.2,13.1,5,0,0.1,0.5,0.4,1.4
Reggie Evans,54,16.7,0.4,15.8,21,0.1,0.1,0.8,1,2.8
Reggie Jackson,80,28.7,4.1,42.6,331,0.4,1.1,8.6,9.7,16.2
Reggie Williams,3,5.6,0.3,6.3,1,0,0,0.7,0.7,5.7
Richard Jefferson,82,27.1,1.6,27.9,130,0.3,0.5,3.2,3.8,6.7
Ricky Ledo,11,3,0.2,2.8,2,0,0.1,0.2,0.5,7.2
Ricky Rubio,82,32.4,8.6,69.8,704,1.4,2,17.2,20.4,30.2
Robbie Hummel,53,12.5,0.4,13.9,23,0.1,0.2,1.1,1,4
Robert Covington,7,4.9,0,3.1,0,0,0,0.3,0,0
Robert Sacre,65,16.9,0.8,20.3,51,0.1,0.3,1.9,2.1,6
Robin Lopez,82,31.9,0.9,24.6,73,0,0.3,2,2.2,3.3
Rodney Stuckey,73,26.9,2.1,22.8,152,0.4,0.2,4.1,4.9,8.7
Roger Mason Jr.,25,10.5,0.8,9.9,19,0,0.2,1.5,1.8,8.1
Ronnie Brewer,1,2.1,0,2,0,0,0,0,0,0
Ronnie Brewer,23,6.9,0.4,5.7,10,0,0.1,0.8,1.1,7.8
Ronnie Brewer,24,6.7,0.4,5.6,10,0,0,0,0,0
Ronnie Price,31,12.2,2.1,17.8,66,0.1,0.4,4.1,4.6,18.1
Ronny Turiaf,31,19.5,0.8,19.1,24,0.1,0.3,2.1,2,4.9
Roy Hibbert,81,29.9,1.1,26.2,91,0.1,0.4,2.4,2.6,4.1
Royal Ivey,2,2.4,0,4,0,0,0.5,0,0,0
Royce White,3,3,0,1.7,0,0,0,0.3,0,0
Rudy Gay,17,35.6,2.4,33.5,40,0.4,0.4,5.2,6,8.1
Rudy Gay,55,34.6,3.1,32.6,169,0.4,0.7,6.2,7,9.7
Rudy Gay,72,34.8,2.9,32.8,209,0.4,0.6,5.9,6.8,9.3
Rudy Gobert,45,9.7,0.2,9.5,7,0.1,0.2,0.6,0.4,2
Russell Westbrook,46,31,6.9,48.3,319,1,1.6,12.7,16.4,25.4
Ryan Anderson,22,36.4,0.8,33.1,17,0,0.5,1.7,1.8,2.3
Ryan Gomes,5,6.9,0.2,7.2,1,0,0.2,0.6,0.6,4.2
Ryan Hollins,61,8,0.1,6.6,8,0,0.1,0.3,0.3,1.9
Ryan Kelly,59,22.4,1.6,28.7,95,0.1,0.4,3.2,4,8.6
Samuel Dalembert,80,20.2,0.5,17.5,38,0,0.3,1,1.2,2.8
Sasha Vujacic,2,5.3,0,9,0,0,0.5,0.5,0,0
Scotty Hopson,2,3.4,0.5,4,1,0,0,0.5,1,14.1
Serge Ibaka,81,33.2,1,34.6,85,0.1,0.4,2.3,2.5,3.7
Sergey Karasev,22,7.1,0.3,7,6,0,0.1,1,0.5,3.7
Seth Curry,1,4.1,0,4,0,0,0,1,0,0
Seth Curry,1,8.9,0,10,0,0,0,2,0,0
Seth Curry,2,6.5,0,7,0,0,0,1.5,0,0
Shabazz Muhammad,37,7.9,0.2,4.8,6,0,0.1,0.3,0.4,2.6
Shane Battier,73,20.2,0.9,25.3,63,0.1,0.5,2.1,2.2,5.3
Shane Edwards,2,5.9,0,6.5,0,0.5,0,0,0.5,4.1
Shane Larkin,48,10.2,1.5,17.7,71,0.1,0.5,3,3.5,16.4
Shannon Brown,10,10.4,0.5,10.5,5,0,0,1,1.1,5.1
Shannon Brown,19,7.9,0.2,7.1,4,0,0.2,0.8,0.5,2.9
Shannon Brown,29,8.7,0.3,8.3,9,0,0.1,0.9,0.7,3.8
Shaun Livingston,75,26.1,3.3,42.4,244,0.4,0.9,6.7,8,14.7
Shavlik Randolph,14,6.8,0.1,6.9,1,0,0.2,0.3,0.1,1
Shawn Marion,76,31.8,1.6,36.2,124,0.2,0.5,3.5,4,6.1
Shawne Williams,36,21.1,0.8,27.1,30,0,0.2,1.3,2.2,4.9
Shelvin Mack,72,20.5,3.7,36.2,264,0.4,1.1,7.3,9,21
Solomon Hill,28,8.1,0.4,8.1,12,0,0.3,1.1,1.1,6.3
Solomon Jones,11,7.8,0.2,8.4,2,0,0.1,0.6,0.4,2.2
Spencer Hawes,27,29.9,2.4,46.1,64,0.4,0.8,4.8,5.4,8.7
Spencer Hawes,53,31.5,3.3,53.7,176,0.2,0.5,6.6,7.3,11.1
Spencer Hawes,80,31,3,51.1,240,0.3,0.6,6,6.7,10.3
Stephen Curry,77,36.7,8.5,53.5,656,0.6,1.7,15.4,19.2,25.2
Stephen Jackson,9,11.9,0.6,8.3,5,0,0.2,1,1.3,5.4
Steve Blake,27,33.2,7.6,61.2,205,0.5,1.9,14.4,17.6,25.5
Steve Blake,28,21.9,3.6,33.9,102,0.3,1,7.8,8.6,18.8
Steve Blake,55,27.4,5.6,47.3,307,0.4,1.4,11.1,13,22.8
Steve Nash,15,21,5.7,42.5,86,0.7,1.4,12.3,13.7,31.4
Steve Novak,54,10,0.2,10.1,13,0.1,0.1,0.5,0.7,3.3
Steven Adams,81,14.9,0.5,15.6,43,0,0.2,1,1.2,4
Taj Gibson,82,28.8,1.1,29.2,91,0.1,0.4,2.5,2.8,4.6
Tayshaun Prince,76,25.7,1.6,28.9,119,0.2,0.9,3.5,3.5,6.5
Terrence Jones,76,27.5,1.1,28.3,87,0.1,0.4,2.1,2.8,4.9
Terrence Ross,80,26.8,1,17.8,78,0.1,0.3,2,2.2,4
Thabo Sefolosha,61,26.2,1.5,19.7,94,0.1,0.6,3.1,3.4,6.2
Thaddeus Young,79,34.5,2.3,46.8,182,0.3,0.6,4.7,5.3,7.4
Thomas Robinson,70,12.5,0.5,13.5,34,0.1,0.2,1.1,1.2,4.5
Tiago Splitter,59,21.7,1.5,27.1,90,0.2,0.3,2.9,3.6,8
Tim Duncan,74,29.3,3,42.5,220,0.2,0.5,4.9,6.7,11
Tim Hardaway Jr.,81,23.3,0.8,17.3,66,0,0.2,1.6,2,4
Timofey Mozgov,82,21.7,0.8,24.7,62,0,0.2,1.6,1.9,4.1
Tobias Harris,61,30.5,1.3,31.3,82,0.1,0.4,2.4,3.2,5.1
Toney Douglas,24,11.1,0.8,16.1,19,0.1,0.3,2.2,1.8,7.7
Toney Douglas,27,15.3,1.8,21.8,49,0,0.6,3.6,4.3,13.6
Toney Douglas,51,13.3,1.3,19.1,68,0.1,0.5,2.9,3.1,11.3
Tony Allen,55,23.3,1.7,18.5,94,0.2,0.3,3,3.8,7.8
Tony Mitchell,3,3.3,0.3,2.3,1,0,0.3,0.3,0.7,9.8
Tony Mitchell,21,3.8,0.1,3.5,2,0,0.1,0.3,0.2,3
Tony Parker,68,29.5,5.7,55.6,388,0.6,1.7,12,13.5,21.9
Tony Snell,77,16,0.9,12.4,68,0.1,0.2,1.9,1.9,5.8
Tony Wroten,72,24.6,3,31.6,217,0.4,0.5,6,7,13.7
Tornike Shengelia,9,1.9,0.2,2.4,2,0.1,0,0.3,0.7,16.5
Tornike Shengelia,16,8.2,0.6,7.6,9,0,0.1,0.8,1.3,7.4
Tornike Shengelia,25,5.9,0.4,5.8,11,0,0,0.6,1,8.4
Toure Murry,51,7.4,1,10.3,49,0.2,0.2,2,2.2,14.6
Travis Outlaw,63,17,0.8,13.1,48,0.1,0.1,1.5,1.7,4.8
Trevor Ariza,76,35.6,2.5,36.6,189,0.4,0.8,4.7,5.7,7.7
Trevor Booker,71,21.6,0.9,28.6,64,0.1,0.4,1.8,2.3,5.1
Trey Burke,70,32.4,5.7,62.7,396,0.6,1.2,11,13.1,19.4
Tristan Thompson,82,31.8,0.9,38.1,72,0.1,0.5,1.8,2.1,3.2
Troy Daniels,5,15.1,1,13.4,5,0,0.2,1.4,2.6,8.3
Ty Lawson,62,36.1,8.8,56.9,543,1.1,1.4,18.2,21,27.9
Tyler Hansbrough,63,15.4,0.3,16.7,17,0.1,0.1,0.7,0.7,2.3
Tyler Zeller,70,15.1,0.5,14.2,36,0,0.3,0.9,1.2,3.9
Tyreke Evans,72,28.3,5,34.1,363,0.6,0.6,9.2,11.9,20.1
Tyshawn Taylor,22,12,1.6,19.9,36,0.5,0.4,2.8,4,16
Tyson Chandler,55,30.4,1.1,31,59,0,0.5,2.6,2.5,4
Udonis Haslem,46,14.3,0.3,13.2,13,0,0.3,0.5,0.7,2.4
Vander Blue,3,4.9,0.3,2,1,0,0,0.7,0.7,6.5
Viacheslav Kravtsov,20,3,0.1,4,1,0,0,0.3,0.1,2.4
Victor Claver,21,8.8,0.6,8.8,12,0.1,0,0.9,1.3,7.3
Victor Oladipo,80,31.2,4.1,46.7,327,0.4,1,9.1,9.4,14.4
Vince Carter,81,24.4,2.6,29.8,212,0.3,0.5,4.9,6,11.9
Vitor Faverani,37,13.3,0.4,19.2,16,0.1,0.2,1,1,3.6
Wayne Ellington,45,8.7,0.4,7.9,19,0,0,0.8,1,5.5
Wesley Johnson,79,28.5,1.6,26.2,124,0.1,0.3,3.1,3.6,6.1
Wesley Matthews,82,34.1,2.4,30.1,197,0.2,0.7,4.8,5.5,7.8
Will Barton,41,9.5,0.8,10.7,33,0.1,0.4,1.7,1.9,9.8
Will Bynum,56,18.9,3.9,27,216,0.5,0.8,7.8,8.9,22.5
Willie Green,55,15.9,0.9,15.7,50,0.2,0.4,2.2,2.4,7.2
Wilson Chandler,62,31.2,1.8,28.1,114,0.2,0.4,3.6,4.3,6.7
Xavier Henry,43,21.2,1.2,22.3,51,0.1,0.4,3,2.7,6.2
Zach Randolph,79,34.4,2.5,36.6,200,0.2,0.6,5.2,5.8,8.1
Zaza Pachulia,52,25.3,2.6,31,136,0.4,0.5,4.8,5.8,11
